"","V1","V2","V3","V4","V5","V6","V7","V8","V9","V10","V11","V12","V13","V14","V15","V16","V17","V18","V19","V20","V21","V22","V23","V24","V25","V26","V27","V28","V29","V30","V31","V32","V33","V34","V35","V36","V37","V38","V39","V40","V41","V42","V43","V44","V45","V46","V47","V48","V49","V50","V51","V52","V53","V54","V55","V56","V57","V58","V59","V60","V61","V62","V63","V64","V65","V66","V67","V68","V69","V70","V71","V72","V73","V74","V75","V76","V77","V78","V79","V80","V81","V82","V83","V84","V85","V86","V87","V88","V89","V90","V91","V92","V93","V94","V95","V96","V97","V98","V99","V100"
"1",566,18,166,196,7,21,251,27,131,21,26,22,101,74,3,42,11,2,38,15,55,10,0,47,7,31,0,51,21,118,1,83,3,2,18,49,0,9,79,86,49,39,0,28,8,0,5,25,26,45,41,30,56,3,116,85,230,21,240,7,17,0,48,42,151,32,67,310,35,80,0,25,0,46,71,13,22,17,7,65,26,14,0,80,39,95,89,97,179,13,48,18,39,0,2,10,69,20,42,20
"2",29,116,192,38,3,284,30,2,45,106,7,185,85,94,31,51,0,2,46,2,73,0,0,6,0,12,0,79,130,6,0,32,35,28,201,41,0,11,80,60,14,200,2,5,51,6,0,1,36,15,31,27,108,0,117,85,18,0,20,52,23,0,31,62,51,59,121,7,210,13,0,112,0,50,30,2,44,4,0,15,11,29,0,15,11,4,62,19,119,0,20,31,69,0,10,0,5,14,40,107
"3",152,138,260,187,6,135,125,16,41,65,81,47,140,118,6,94,3,5,56,4,113,6,0,23,1,47,0,73,22,49,1,118,1,4,18,72,0,3,63,183,7,90,0,39,128,0,0,13,8,101,49,62,69,0,181,33,95,18,79,11,5,0,63,43,114,39,92,93,75,16,0,38,0,36,55,2,34,17,8,21,21,22,0,25,31,19,54,110,75,3,18,57,45,0,2,1,24,22,32,52
"4",353,32,475,591,1,84,321,4,104,60,66,94,118,116,15,121,0,2,39,1,129,6,0,25,1,61,0,337,101,302,4,77,9,2,35,73,0,1,207,283,34,183,4,166,17,1,1,31,24,7,106,55,55,0,165,76,141,28,173,13,10,1,70,81,233,313,406,99,80,16,3,77,1,58,189,0,46,26,41,130,105,51,0,61,43,34,110,34,188,3,25,79,165,0,2,4,244,50,63,88
"5",11,3,6,4,110,3,7,0,2,7,7,12,2,7,0,4,0,505,5,42,8,1,0,5,1,11,1,7,1,0,0,0,0,2,13,1,0,3,11,19,3,7,1,0,6,0,0,0,4,1,1,1,6,0,1,1,2,0,1,1,8,0,1,2,4,4,2,0,2,0,0,0,261,2,0,35,4,0,1,0,6,4,0,1,0,8,15,6,164,1,3,10,19,0,13,0,0,2,0,3
"6",42,210,99,58,3,187,25,2,79,210,21,145,210,217,28,74,0,4,43,5,78,0,0,5,2,21,0,68,173,14,0,21,43,37,191,181,0,23,260,485,15,394,2,11,47,2,0,4,54,3,30,29,167,0,428,207,36,1,10,77,37,0,120,195,120,105,73,11,137,0,0,74,2,153,56,4,282,6,2,44,28,36,0,17,29,11,31,20,152,0,10,63,131,0,8,0,23,50,85,220
"7",261,6,112,215,4,15,873,28,152,8,97,8,118,28,1,24,7,0,57,0,29,9,0,21,2,11,0,90,6,157,1,106,1,3,10,85,0,0,80,83,5,30,0,92,3,0,0,57,4,33,65,43,64,3,85,36,326,20,449,9,2,0,20,59,212,45,117,332,23,104,0,51,4,39,132,0,28,34,0,65,24,13,0,116,32,89,48,73,77,4,26,53,24,0,0,10,51,18,49,27
"8",34,2,16,23,3,6,67,275,35,0,3,34,8,4,3,4,46,1,4,0,4,0,0,7,1,24,0,18,1,63,2,23,4,1,0,16,0,0,10,5,2,6,0,10,1,0,8,3,2,4,16,7,17,0,9,8,65,4,128,0,3,0,1,5,31,9,14,74,8,31,1,11,0,7,17,0,2,64,1,11,1,0,0,9,5,11,7,20,21,16,97,57,7,1,0,2,31,3,0,1
"9",94,53,44,272,5,44,89,13,222,64,23,67,226,172,12,74,2,3,110,1,296,4,0,17,1,28,0,49,33,29,2,51,2,12,29,55,0,0,96,146,6,60,2,16,17,1,0,20,6,34,53,33,37,2,117,62,99,5,59,14,11,0,49,50,72,47,41,65,44,17,0,39,0,28,29,12,21,7,6,18,24,15,0,44,22,18,81,67,63,10,32,116,42,0,1,0,34,14,16,26
"10",38,194,176,108,8,350,29,2,99,174,5,296,143,140,79,181,0,1,106,4,334,2,0,0,1,11,0,106,176,18,0,120,57,74,956,125,1,22,268,308,16,506,6,28,130,15,0,1,103,1,39,113,131,0,191,108,21,0,27,121,98,0,40,105,93,160,134,9,98,87,0,111,3,102,34,0,51,71,0,44,16,36,0,73,7,6,35,2,89,0,4,49,58,0,15,0,19,68,51,92
"11",27,10,39,87,3,10,120,15,14,5,145,9,16,10,1,7,0,0,8,5,12,29,0,96,12,74,0,70,1,20,14,12,4,1,3,46,0,0,18,11,0,12,0,2,0,0,1,47,0,100,7,50,18,0,16,5,26,23,19,1,1,0,4,9,13,19,44,5,9,1,1,5,0,7,10,9,5,2,37,2,2,2,0,5,1,46,67,109,307,10,23,21,21,0,1,0,0,4,1,4
"12",30,345,59,120,20,293,26,2,74,367,14,200,244,170,8,142,0,3,104,5,213,0,0,1,1,21,2,218,268,115,1,124,98,31,444,71,0,46,349,169,41,357,23,53,155,16,4,3,222,3,34,160,149,0,163,101,25,0,11,132,106,0,38,64,149,136,149,13,161,38,0,142,2,83,113,2,115,3,3,21,46,132,0,4,32,5,19,13,56,1,5,28,83,0,57,2,9,32,59,74
"13",149,120,200,127,4,245,205,3,234,83,31,180,544,185,54,258,0,8,109,0,296,71,0,10,1,14,0,285,138,140,0,105,23,16,94,227,0,12,439,552,28,376,20,175,41,1,1,4,32,8,232,36,191,1,800,191,95,2,54,20,40,0,164,211,106,136,130,58,262,10,0,221,0,158,181,0,87,6,2,62,51,100,0,22,42,20,63,17,245,5,42,224,132,0,2,2,71,70,97,165
"14",243,98,208,304,3,176,49,5,234,71,13,110,199,339,23,159,0,4,93,5,350,2,0,3,2,36,0,231,114,39,2,96,19,161,63,222,0,13,245,211,39,257,6,67,31,2,0,1,28,4,254,62,53,0,444,97,59,3,31,33,13,0,106,222,133,150,144,29,99,11,0,100,1,144,131,2,88,5,4,62,102,114,0,18,32,21,34,12,170,2,13,130,202,0,2,2,38,153,45,75
"15",3,30,19,25,1,28,7,0,18,73,4,42,40,20,17,23,0,0,21,2,43,0,0,0,0,0,0,56,33,1,0,53,17,5,84,36,5,13,22,17,5,57,3,7,28,5,0,1,18,0,5,9,9,0,20,33,5,0,4,37,14,0,3,10,9,12,7,0,48,0,0,5,1,10,11,0,7,0,0,1,9,7,0,1,5,0,10,0,8,0,0,3,8,0,1,0,1,4,6,14
"16",55,35,194,196,2,63,54,3,95,60,8,119,243,228,10,129,1,0,174,1,93,1,0,2,0,14,0,129,65,25,0,119,9,22,44,99,0,9,147,273,8,174,5,32,27,2,0,1,17,14,71,48,118,1,358,36,35,4,32,11,20,0,234,289,55,71,91,12,263,2,0,132,0,161,36,1,69,1,2,23,27,100,0,12,13,1,23,10,63,1,5,37,65,0,18,0,8,23,37,219
"17",6,0,3,0,0,1,39,9,5,0,0,1,0,0,0,0,371,0,0,0,0,0,0,2,0,0,0,1,3,7,0,0,0,0,0,0,0,0,0,0,0,0,0,0,0,0,98,0,4,0,1,0,0,1,2,1,5,0,5,0,0,0,0,0,10,3,16,30,0,0,35,2,0,0,4,0,0,3,1,9,0,0,0,9,2,0,0,1,2,1,5,0,0,0,0,230,3,1,2,9
"18",8,2,2,1,395,5,0,1,11,33,2,3,11,6,0,2,0,93,4,141,7,0,0,1,0,6,0,4,1,3,0,10,1,1,22,6,0,1,19,111,17,5,0,7,2,0,0,0,0,0,4,4,1,0,10,0,0,0,5,3,4,0,1,0,1,4,11,0,4,1,0,4,26,1,0,40,1,0,0,0,23,17,0,2,0,21,4,6,225,1,5,9,11,0,7,0,0,0,1,10
"19",85,47,103,89,0,88,111,3,169,82,63,68,149,88,32,99,0,2,220,2,110,4,0,16,1,20,3,339,54,67,2,305,18,6,39,198,0,6,154,162,26,218,8,164,15,6,1,6,11,16,67,89,58,2,317,41,55,4,44,8,36,0,75,55,116,167,298,28,193,10,0,145,2,46,97,3,33,8,5,59,90,114,0,17,49,30,97,92,221,14,26,92,83,0,1,0,64,36,120,118
"20",15,0,5,0,51,5,15,0,0,2,1,5,0,5,0,2,0,151,1,74,0,0,0,1,1,11,0,0,0,0,0,4,1,4,15,1,0,1,4,5,1,1,0,1,1,0,0,0,2,0,0,3,1,0,4,0,0,0,0,1,2,0,5,1,2,1,0,3,1,0,0,1,378,4,1,24,0,0,0,1,2,0,0,0,0,36,131,31,52,3,5,0,9,0,6,0,0,0,1,0
"21",153,79,116,280,2,59,75,5,165,146,17,116,223,312,12,90,2,5,85,1,268,0,0,4,4,27,0,177,112,24,1,191,16,19,80,91,1,11,293,452,8,108,9,62,28,5,2,6,26,3,189,331,242,1,581,98,38,6,48,27,14,0,183,250,156,128,236,16,205,3,0,174,0,130,78,2,177,17,4,118,49,47,0,37,25,13,42,20,188,4,9,96,185,0,17,0,22,66,95,159
"22",10,0,2,97,0,3,11,11,3,1,50,2,57,2,0,1,0,0,4,0,0,94,0,78,52,42,0,1,1,6,46,4,0,3,0,63,0,0,2,1,0,0,0,1,0,0,0,62,0,24,3,2,0,0,3,1,10,139,10,0,2,1,1,3,11,1,6,1,2,2,0,1,0,1,6,0,1,0,33,3,4,4,0,6,1,43,10,98,68,6,58,0,1,0,0,0,5,2,1,0
"23",0,0,0,0,0,0,0,0,0,0,0,0,0,0,0,0,0,0,0,0,0,0,8,0,0,0,0,0,0,0,0,0,0,0,0,0,0,0,0,0,0,0,0,0,0,0,0,0,0,0,0,0,0,0,0,0,0,0,0,0,0,0,0,0,0,0,0,0,0,0,0,0,0,0,0,0,0,0,0,0,0,0,0,0,0,0,0,0,0,0,0,0,0,0,0,0,0,0,0,0
"24",33,5,12,14,1,0,31,2,41,1,113,0,7,2,0,1,0,1,8,0,13,162,0,281,38,205,0,32,2,112,39,16,1,0,2,56,0,1,83,10,0,7,0,4,0,0,0,37,0,43,27,8,28,0,2,4,16,55,106,0,0,0,12,8,28,9,84,4,5,2,0,7,0,2,44,1,4,1,72,3,20,1,0,20,7,158,15,103,52,26,63,1,4,0,1,12,42,2,2,1
"25",11,0,3,5,0,0,2,5,0,1,19,0,1,1,0,0,0,0,1,0,0,37,0,31,103,40,0,3,0,6,0,1,0,1,0,14,0,0,0,1,0,0,0,0,0,0,0,53,0,26,5,0,0,0,13,0,1,45,1,0,0,2,82,2,8,0,23,1,0,0,0,1,0,0,9,0,0,0,19,2,11,8,0,2,3,32,36,53,39,10,29,2,2,0,1,0,10,0,0,1
"26",29,1,14,32,7,26,20,34,61,8,79,19,13,30,0,8,0,3,6,7,8,33,0,192,39,316,0,52,5,6,42,12,4,1,3,17,0,1,34,36,0,8,0,16,1,0,0,113,1,104,4,6,22,2,29,16,15,111,31,5,1,0,24,9,13,5,40,10,12,4,1,4,2,4,5,7,9,9,98,8,6,3,0,9,3,64,44,68,236,22,53,18,24,0,136,0,5,5,2,9
"27",1,0,1,0,0,0,1,0,0,4,0,9,0,1,0,4,0,0,0,0,2,0,0,0,0,0,33,0,8,0,0,0,0,0,0,0,2,0,2,1,14,1,12,0,8,7,0,0,0,0,5,0,0,0,0,0,0,0,0,0,11,0,1,1,0,0,5,0,2,0,0,0,1,0,0,0,0,0,0,0,0,0,0,0,0,0,1,0,0,0,0,0,1,0,0,0,0,0,0,0
"28",77,9,52,112,0,26,116,16,94,26,24,74,155,92,20,85,0,0,100,0,55,5,0,12,9,10,0,451,24,50,1,56,7,3,35,94,0,1,81,149,9,100,1,62,3,5,1,16,10,22,89,67,63,3,132,140,120,28,72,21,7,0,69,233,160,65,214,51,70,40,0,75,2,53,179,0,35,22,4,253,80,36,0,47,172,26,95,29,173,3,9,68,128,0,1,0,71,50,45,36
"29",29,168,52,100,1,245,37,0,43,91,7,236,123,148,27,120,4,1,22,1,429,1,0,1,0,10,0,52,138,40,0,108,70,108,357,76,0,54,407,532,88,663,5,51,149,24,0,1,65,1,83,125,195,1,772,124,42,0,17,210,66,0,86,325,53,91,109,9,155,2,0,232,0,158,27,0,73,3,0,63,36,49,0,14,40,1,12,5,53,0,13,37,75,0,10,0,18,16,101,268
"30",127,2,45,145,0,19,116,28,47,17,64,20,150,68,1,13,6,2,39,0,16,0,0,38,5,17,0,33,14,662,5,157,7,4,14,162,0,4,87,116,4,63,0,52,27,2,10,12,3,20,60,37,79,1,164,58,298,18,190,20,6,0,57,64,223,57,219,183,49,43,0,54,0,30,250,38,62,50,1,103,44,24,0,86,46,32,29,86,110,9,35,6,25,0,2,16,64,29,52,37
"31",7,0,10,5,0,2,2,6,2,0,6,0,0,0,0,0,0,0,0,0,1,31,0,59,0,48,0,2,0,7,56,1,0,0,0,1,0,0,0,2,0,0,0,0,0,0,0,59,0,65,7,2,2,0,2,0,1,62,1,0,0,0,0,0,0,0,17,4,2,0,0,2,0,0,1,0,0,0,16,0,3,4,0,2,1,16,41,69,34,0,23,1,0,0,0,0,3,0,0,0
"32",71,7,105,141,1,35,135,16,96,37,20,42,112,57,10,96,1,5,212,1,87,1,0,12,1,17,0,57,49,52,0,449,16,17,59,161,0,0,172,306,57,226,1,75,27,3,6,9,29,8,78,47,99,1,260,169,146,19,92,19,99,0,64,96,175,97,156,124,123,80,0,90,0,53,134,1,64,18,3,246,72,150,0,52,140,17,33,102,85,5,34,45,44,0,1,5,66,45,67,43
"33",22,58,27,33,10,92,15,3,38,118,7,96,68,44,13,26,0,1,16,5,49,0,0,3,2,4,0,29,287,24,1,54,89,23,419,34,0,23,177,173,30,519,9,78,173,7,2,0,132,1,36,43,41,0,114,246,19,0,10,48,97,0,42,80,139,145,100,5,224,8,0,55,0,87,72,0,62,34,0,44,26,20,0,6,17,0,26,4,25,0,2,22,108,0,16,0,16,14,37,84
"34",21,65,21,29,19,99,9,4,14,347,9,93,60,200,20,30,0,6,30,36,68,0,0,3,0,5,0,49,201,19,0,106,36,100,133,21,3,23,244,139,74,592,23,28,203,16,0,1,90,3,66,91,83,1,143,65,21,0,49,68,34,0,24,77,78,61,112,5,236,8,0,42,2,77,52,5,55,12,0,81,28,14,0,4,35,0,38,0,35,0,2,27,79,0,12,0,12,15,52,104
"35",46,304,68,106,49,329,24,6,46,1873,5,949,196,191,86,133,0,15,86,24,174,0,0,2,0,8,0,191,713,31,0,97,518,137,369,187,1,84,481,337,321,1144,113,87,989,81,0,1,806,5,178,160,249,0,452,291,42,2,67,327,108,0,131,166,61,80,181,15,377,10,0,196,3,149,73,2,475,4,0,57,70,77,0,15,67,3,27,4,123,0,11,96,178,0,191,0,25,77,212,352
"36",69,20,97,76,1,110,96,8,69,62,29,43,194,163,10,129,2,3,154,0,124,35,0,20,14,15,0,132,85,168,4,113,25,14,63,320,0,1,283,357,21,277,2,79,27,22,0,2,15,11,41,49,41,0,246,105,181,11,59,28,93,0,64,149,349,263,249,70,114,21,2,106,0,135,48,4,72,13,7,67,81,76,0,103,54,47,54,32,100,2,10,102,82,0,2,0,38,31,70,81
"37",0,0,0,1,0,0,0,0,0,2,0,0,0,0,2,0,0,0,0,0,0,0,0,0,0,0,2,0,0,0,0,0,0,0,4,0,6,4,0,1,4,0,5,1,4,3,0,0,2,0,1,0,2,0,0,0,3,0,0,0,2,0,0,0,0,2,0,0,0,0,0,0,0,0,0,0,0,0,0,0,0,0,0,0,0,0,0,0,0,0,0,0,0,0,0,0,0,0,0,0
"38",11,27,13,9,1,27,0,0,0,35,0,39,8,20,5,26,0,0,17,0,37,0,0,0,0,0,0,5,79,14,0,5,43,9,130,8,2,36,38,27,27,91,6,4,115,15,0,0,41,1,6,10,84,0,45,36,7,0,2,32,28,0,4,20,5,13,14,1,52,1,0,25,0,12,3,0,46,0,0,2,8,12,0,0,3,0,7,5,5,0,0,6,12,0,6,0,2,1,26,34
"39",132,77,103,172,7,299,78,8,95,118,16,115,468,397,17,150,1,4,114,2,535,2,0,41,0,34,0,124,278,56,2,111,37,85,225,201,0,14,438,637,24,466,9,130,74,9,1,5,54,20,225,144,196,1,517,181,121,9,101,92,41,0,178,446,110,191,166,35,411,15,0,283,0,498,164,6,270,9,2,61,40,93,0,24,52,16,59,30,150,2,12,144,229,0,176,2,39,50,259,221
"40",165,84,139,190,5,347,191,6,104,95,27,110,526,218,9,240,1,105,271,1,408,1,0,25,5,45,0,173,362,156,1,210,51,34,156,229,0,12,525,486,39,675,4,186,71,11,4,9,60,16,442,101,128,1,162,227,177,5,92,39,43,0,110,254,275,244,176,85,193,18,1,378,1,272,141,2,154,9,3,119,70,92,0,51,95,15,129,28,216,5,20,275,260,0,148,2,53,57,100,172
"41",7,9,12,25,5,13,17,0,8,14,0,24,18,7,7,3,0,27,150,1,17,1,0,0,0,0,13,59,66,31,0,61,36,62,212,13,4,28,29,32,100,122,86,23,129,35,0,0,26,0,18,80,59,0,49,8,22,0,10,59,15,0,9,11,19,30,38,0,24,3,0,133,0,18,24,0,23,2,0,4,7,30,0,0,13,1,2,0,21,0,0,2,7,0,3,0,1,89,12,42
"42",61,236,78,352,7,226,50,3,51,264,12,259,294,219,38,115,0,9,138,6,101,5,0,6,4,30,0,169,289,84,1,189,135,205,528,157,0,51,519,749,82,320,45,128,258,28,0,16,152,7,238,335,372,0,909,159,121,10,83,175,96,0,188,519,151,325,236,24,442,12,0,278,1,253,180,0,514,17,5,111,74,91,0,23,76,23,203,17,227,2,6,92,330,0,93,1,29,102,377,510
"43",2,3,0,3,0,8,0,0,1,19,0,35,59,6,14,12,0,1,7,2,20,0,0,0,0,0,11,2,15,1,0,26,10,90,134,2,6,38,16,14,72,44,164,8,99,67,0,0,57,0,3,2,5,0,9,3,12,0,4,48,24,0,5,4,1,1,8,0,13,1,0,9,0,5,2,0,55,0,0,0,2,1,0,0,0,0,0,1,3,0,0,3,2,0,1,0,0,6,4,8
"44",38,6,88,145,0,20,111,4,28,24,5,27,204,94,6,50,4,1,93,1,51,8,0,6,0,11,0,80,38,66,0,53,2,7,30,144,0,4,127,165,24,138,3,273,12,1,0,6,23,14,45,23,67,5,147,122,147,13,94,5,21,0,71,104,174,72,122,80,195,27,1,68,1,65,260,2,60,38,4,137,71,34,0,25,280,17,42,124,109,5,16,20,47,0,1,3,111,27,38,35
"45",17,40,39,74,5,85,11,1,43,135,7,185,68,41,40,40,0,6,25,1,47,0,0,3,1,4,2,21,147,38,0,21,91,190,944,32,3,144,245,142,117,459,83,14,313,146,0,0,97,2,26,64,135,1,180,124,14,0,12,156,128,0,44,51,14,74,73,2,88,7,0,96,1,55,64,2,56,0,0,5,37,39,0,4,26,0,13,0,19,0,1,16,16,0,12,0,12,238,49,234
"46",4,1,3,4,1,5,3,1,1,9,1,12,16,2,5,13,0,0,13,0,10,2,0,0,0,0,1,38,12,6,0,11,16,33,106,42,3,24,12,4,28,76,43,9,161,64,0,0,62,0,4,8,37,0,22,10,1,0,4,14,12,0,0,2,6,1,22,0,10,1,0,8,1,3,20,0,11,0,0,3,2,1,0,0,0,0,1,0,1,2,0,1,1,0,0,0,0,1,1,6
"47",1,0,2,0,0,0,4,3,1,0,0,0,1,0,0,0,128,0,4,0,0,2,0,0,1,3,0,0,0,3,0,3,0,0,0,1,0,0,0,1,0,2,0,0,0,0,267,0,8,0,0,7,7,0,1,0,60,0,3,0,0,0,3,0,1,0,3,4,0,5,7,0,0,1,1,0,0,0,0,6,0,0,0,4,1,0,0,5,1,0,1,0,0,0,0,124,0,1,1,0
"48",25,2,17,59,3,1,30,2,58,0,44,1,2,3,0,6,0,0,0,1,3,57,0,31,52,107,0,105,1,10,56,10,0,1,3,2,0,1,4,11,0,5,0,15,0,0,0,164,1,72,5,4,4,0,9,2,17,67,12,0,0,0,3,2,7,3,14,23,3,10,0,4,1,1,13,0,2,3,735,1,5,0,0,9,2,31,14,52,61,11,60,4,2,0,0,0,3,1,3,0
"49",41,61,75,52,3,129,13,2,30,224,5,211,53,53,16,23,5,1,18,1,95,0,0,1,0,3,0,58,180,19,0,113,93,148,447,41,3,23,155,114,25,385,15,68,150,27,15,0,167,1,35,80,178,1,340,130,32,0,21,128,299,0,89,101,51,59,86,4,137,4,0,86,0,71,41,0,119,1,0,67,60,50,0,5,17,5,20,2,26,0,4,22,38,0,51,1,7,16,52,146
"50",28,32,161,17,2,8,20,1,37,1,66,1,6,4,0,2,0,0,10,0,2,14,0,45,13,122,0,50,3,18,33,6,0,2,1,2,0,0,11,12,0,36,0,5,2,1,0,50,0,136,5,4,75,0,4,5,6,43,13,0,0,0,4,3,17,9,4,13,2,2,0,7,2,2,8,2,1,0,283,3,0,0,0,1,3,146,10,100,72,3,36,11,7,0,2,0,0,1,3,0
"51",60,35,57,73,6,55,75,22,30,39,11,21,105,124,0,54,0,6,55,0,93,2,0,20,6,4,0,75,34,116,11,77,10,12,56,67,0,6,183,278,11,137,0,38,37,1,1,5,23,12,289,41,79,1,290,182,165,3,88,177,42,0,85,103,82,144,96,62,138,18,0,99,0,82,36,1,65,7,39,186,46,47,0,19,37,32,36,13,132,2,18,24,53,0,3,1,36,34,73,64
"52",47,14,84,84,2,53,46,6,38,28,105,26,107,50,3,33,3,7,129,0,276,0,0,5,0,10,0,117,72,54,2,59,13,11,49,74,0,3,194,147,23,280,3,73,24,2,5,4,37,3,31,270,136,0,608,246,147,8,73,67,69,0,181,136,105,160,141,51,109,17,3,72,0,293,57,1,77,32,26,36,50,68,0,31,34,23,39,61,58,4,11,26,37,0,0,1,72,49,79,83
"53",109,37,113,72,1,89,133,11,63,55,23,62,167,65,9,61,3,2,44,3,140,3,0,6,4,18,0,255,148,80,0,173,9,9,54,54,0,5,212,106,14,502,1,170,16,4,7,3,33,9,81,103,392,0,393,374,222,4,181,50,27,0,157,155,149,232,231,69,76,46,1,232,0,175,189,1,114,22,5,152,110,112,0,57,202,36,27,75,71,1,32,32,38,0,6,0,54,106,87,94
"54",6,2,1,0,0,1,2,1,2,1,0,0,1,1,0,0,4,0,1,0,2,1,0,0,2,0,0,2,1,12,0,0,0,1,0,0,0,0,1,5,0,4,0,2,1,0,3,0,0,0,1,2,1,86,2,0,16,0,3,1,0,0,3,1,1,6,16,28,9,0,0,136,0,7,3,0,1,0,0,3,2,4,0,11,0,4,1,1,0,0,0,0,0,0,0,0,6,35,13,9
"55",143,167,128,192,3,367,116,13,91,172,29,105,866,526,13,287,2,13,273,1,553,1,0,8,5,40,0,217,632,86,1,210,58,66,182,191,1,25,447,211,31,795,15,159,91,18,2,5,142,5,291,516,388,0,591,1308,168,17,124,256,252,0,477,930,241,310,256,94,421,20,1,386,2,1011,278,0,466,10,13,170,109,190,0,107,82,17,39,47,123,5,15,285,397,0,14,4,93,76,557,732
"56",60,135,66,92,5,290,43,7,26,130,7,135,104,105,7,58,2,0,87,0,168,1,0,2,0,22,0,60,104,35,0,61,84,65,175,105,0,29,249,275,20,204,7,93,74,2,4,2,62,3,97,139,429,2,1059,214,85,1,63,94,57,0,119,356,248,132,154,22,215,15,0,173,0,214,36,0,144,5,0,70,122,118,0,15,50,7,44,12,92,0,12,30,73,0,8,1,27,42,219,385
"57",239,8,117,145,4,28,369,57,73,13,12,10,76,34,5,19,11,0,65,0,36,2,0,18,2,22,0,76,20,230,3,205,8,10,17,121,0,3,84,129,2,67,1,88,7,1,70,4,18,8,131,88,137,9,137,67,3233,7,653,12,2,0,37,63,426,82,136,772,54,132,3,56,0,80,180,2,61,46,3,44,34,15,0,290,51,74,21,70,72,15,34,28,13,0,2,9,116,26,61,41
"58",12,2,21,41,1,0,21,5,3,0,20,1,3,4,1,2,0,0,3,0,4,136,0,39,61,114,0,11,0,31,49,10,0,0,0,14,0,0,5,2,0,1,0,48,1,0,0,97,0,91,0,4,5,0,5,0,6,272,7,0,0,0,0,3,9,4,21,12,5,0,0,1,0,0,4,0,3,4,70,8,0,0,0,7,1,48,66,120,170,31,72,19,5,0,0,0,4,0,4,1
"59",228,4,84,107,0,24,359,64,64,27,10,14,56,41,0,37,8,0,45,0,54,3,0,48,4,20,0,60,13,159,7,159,1,6,9,77,0,2,94,99,2,62,1,77,6,0,2,10,18,4,96,88,169,4,134,81,713,11,2575,17,18,0,63,63,346,85,191,725,72,119,4,65,0,53,156,6,46,36,14,113,40,32,0,187,67,101,46,137,62,17,38,20,22,0,0,14,114,34,71,66
"60",24,80,50,71,9,147,41,5,45,296,6,297,60,77,37,53,0,8,72,17,80,0,0,4,0,12,0,124,466,132,0,104,76,159,479,116,4,38,239,125,61,540,30,89,280,71,2,2,228,0,259,112,288,0,447,344,69,0,46,247,99,0,156,314,76,326,316,16,341,16,0,174,7,183,65,3,367,14,1,39,171,174,0,13,52,2,43,4,65,2,7,17,45,0,74,1,27,65,118,422
"61",24,151,41,21,9,71,11,3,20,105,1,171,33,104,18,25,3,17,44,5,48,0,0,1,0,7,1,52,166,28,0,65,80,98,147,71,5,21,123,88,100,228,52,117,194,21,0,1,271,2,39,135,50,1,188,166,19,1,37,73,135,0,47,134,37,67,88,6,99,4,0,109,0,118,14,2,153,5,0,24,39,32,0,8,15,0,52,1,46,1,5,8,34,0,22,0,47,55,83,274
"62",0,0,0,0,0,0,1,0,1,0,1,0,0,0,0,0,0,0,0,0,0,0,0,0,0,0,0,0,0,0,0,0,0,0,0,0,0,0,0,0,0,0,0,0,0,0,0,1,0,0,0,0,0,0,0,0,0,0,0,0,0,96,0,0,0,0,0,0,0,0,0,0,0,0,1,0,0,0,0,0,0,0,0,0,0,1,1,0,3,0,4,0,0,0,0,0,0,0,0,0
"63",34,35,72,36,2,135,12,6,46,33,14,15,98,93,3,115,0,2,104,0,244,2,0,3,0,15,0,179,84,52,0,59,10,10,41,97,0,9,128,167,9,158,5,75,37,0,1,2,36,0,39,204,117,0,474,157,46,0,59,47,76,0,153,117,108,236,219,23,134,12,0,110,0,178,49,0,108,3,0,34,30,108,0,6,20,9,14,9,56,1,7,73,41,0,1,3,20,61,50,207
"64",46,94,96,228,4,197,58,1,25,65,13,45,239,311,6,177,4,2,82,1,256,2,0,2,0,13,0,247,195,115,0,117,36,31,107,89,0,22,379,307,12,517,1,73,19,4,2,2,64,1,64,113,148,0,835,497,114,2,58,75,44,1,110,470,215,1190,858,40,579,24,0,183,0,626,60,3,315,9,2,44,109,197,0,30,43,7,31,9,84,2,10,137,92,0,10,4,63,163,332,708
"65",136,14,108,215,0,132,207,20,85,47,11,36,107,65,3,43,12,1,70,0,65,5,0,27,4,9,1,333,52,207,1,210,27,8,29,325,0,0,104,316,13,157,0,186,12,2,6,7,16,9,69,98,163,5,347,94,400,8,285,40,7,0,230,156,1158,150,188,568,127,137,1,120,0,110,135,0,56,32,5,96,65,37,0,147,44,62,32,130,188,16,46,28,130,0,1,7,173,48,89,111
"66",53,41,73,152,5,79,111,4,38,70,14,47,194,201,6,103,1,2,241,1,133,2,0,13,3,17,0,114,82,53,0,96,29,14,94,288,0,1,277,298,6,244,2,60,32,1,0,16,36,35,132,97,178,1,326,186,128,8,98,27,133,0,152,488,166,306,122,84,592,374,1,58,2,158,55,2,132,153,8,325,81,72,0,161,55,14,74,18,148,5,15,19,152,0,5,3,400,150,62,110
"67",70,25,77,213,2,42,94,1,48,33,15,40,209,101,3,51,2,4,221,1,78,12,0,27,6,6,0,134,73,186,12,125,24,9,62,66,0,4,145,207,9,219,6,106,39,7,5,20,28,6,87,37,117,0,325,166,143,9,146,28,15,0,143,465,103,62,519,100,1124,153,0,75,2,182,35,1,164,25,10,105,38,34,0,87,47,25,34,41,114,13,22,17,102,0,1,4,144,26,93,137
"68",194,3,71,102,3,0,404,52,59,3,9,0,26,11,0,26,22,1,18,0,7,1,0,29,3,4,0,47,7,246,1,106,0,0,0,36,0,1,20,54,1,19,0,76,5,0,16,4,3,1,37,50,60,11,38,17,793,3,621,5,1,0,8,14,532,133,98,3463,30,119,8,43,0,19,102,0,17,51,3,48,23,15,0,219,41,94,28,92,29,11,70,2,5,0,0,40,84,11,49,22
"69",52,85,77,148,3,108,48,12,38,143,14,64,189,99,22,244,1,7,192,2,168,7,0,11,3,9,0,328,152,46,11,142,221,9,78,154,0,44,348,168,8,450,12,296,44,5,3,1,54,2,159,211,137,7,375,277,103,6,104,54,31,0,144,511,198,1226,1606,56,339,90,0,126,0,213,106,3,227,36,1,79,97,101,0,104,80,16,72,26,125,13,37,153,59,0,5,1,56,94,107,203
"70",51,15,17,12,0,5,93,13,13,19,5,17,11,9,0,4,0,2,8,0,6,3,0,2,2,4,0,25,40,84,0,37,2,0,3,11,0,0,13,22,0,25,0,23,1,1,2,4,0,1,21,10,24,0,36,25,155,0,92,1,1,0,6,36,136,189,206,153,23,475,2,47,0,35,99,0,11,10,1,20,12,11,0,91,6,8,19,44,73,2,21,1,20,0,1,5,25,11,25,9
"71",0,0,0,1,0,0,1,3,0,0,0,0,0,0,0,0,49,0,0,0,0,0,0,0,0,0,0,0,0,0,0,0,0,0,1,0,0,0,0,0,0,0,0,8,0,0,8,0,0,0,3,8,0,1,0,0,5,0,2,0,0,1,0,0,0,0,1,1,0,0,187,0,0,1,2,0,0,0,0,0,0,0,0,6,0,0,0,1,0,0,0,0,0,0,0,17,3,1,0,0
"72",45,45,44,78,0,107,59,16,32,70,8,85,183,93,13,143,0,1,171,0,167,2,0,4,4,5,0,91,124,73,0,73,22,18,136,189,0,9,194,337,19,260,5,58,35,5,2,45,45,22,80,135,106,1,332,217,95,3,78,61,30,0,88,345,70,70,66,64,108,23,0,225,1,391,134,4,294,34,1,235,54,49,0,42,58,8,20,20,63,3,17,69,61,0,2,0,323,37,127,169
"73",1,0,0,3,55,0,0,0,0,0,0,0,0,2,2,0,0,26,1,36,0,0,0,0,0,0,0,5,1,0,0,1,0,1,2,1,0,1,0,0,0,1,2,0,0,0,0,0,2,0,0,0,1,0,0,0,3,0,2,0,0,0,0,0,0,2,2,0,0,0,0,1,46,0,0,29,0,0,0,3,0,0,0,0,0,8,0,0,31,1,3,1,2,0,1,0,0,0,0,2
"74",37,38,41,56,3,131,31,7,43,44,6,64,157,152,8,118,0,2,58,1,198,0,0,2,0,13,0,113,162,50,0,44,17,67,74,148,0,8,340,299,26,293,4,149,44,2,3,0,37,3,63,200,104,1,803,324,50,0,67,90,47,0,110,521,140,202,229,15,230,17,1,318,1,233,127,0,496,148,4,104,238,217,0,16,153,4,12,11,47,5,26,49,58,0,3,2,55,159,114,188
"75",54,10,52,80,0,38,167,11,47,23,3,10,257,62,4,42,0,1,71,0,109,0,0,11,3,8,0,150,109,172,1,98,53,17,29,58,0,2,105,127,6,112,0,240,7,1,2,7,10,3,36,52,72,1,338,99,233,4,135,47,19,7,59,133,77,92,106,104,97,62,2,367,0,169,410,1,96,59,0,47,45,47,0,63,52,16,21,91,82,8,13,29,40,0,0,5,69,43,116,119
"76",11,1,3,15,31,1,5,0,5,0,7,2,3,2,0,0,0,25,5,10,4,1,0,0,0,3,0,0,0,87,0,1,0,1,0,2,0,5,2,2,0,3,0,0,1,0,0,0,0,2,0,1,0,0,2,1,4,0,42,0,2,0,2,0,2,0,0,1,2,0,0,2,33,3,1,43,2,0,0,1,4,4,0,0,0,0,1,37,15,25,16,4,10,0,9,0,2,0,0,2
"77",41,74,80,51,13,253,30,9,36,64,7,85,130,133,5,64,1,0,39,1,291,2,0,1,0,11,0,60,115,47,1,60,46,28,219,80,1,15,330,243,24,603,4,119,74,6,1,1,96,2,33,84,218,0,681,225,88,5,55,208,137,2,112,498,62,231,247,16,352,9,2,268,0,403,75,10,253,6,3,89,62,128,0,22,77,8,24,8,95,4,12,36,105,0,10,0,38,165,169,328
"78",37,1,16,14,0,3,42,21,14,19,1,4,10,8,0,4,37,0,4,0,5,0,0,3,2,3,0,16,10,82,0,21,10,1,6,7,0,1,11,11,29,13,3,15,1,5,1,10,2,0,8,39,18,0,19,13,77,2,46,2,1,0,1,6,39,73,238,43,15,27,1,32,0,17,67,0,4,150,0,24,32,11,0,55,52,10,53,11,5,2,12,2,42,0,0,13,56,17,27,4
"79",7,2,5,139,0,1,7,4,12,0,28,0,4,1,0,2,0,1,2,0,0,33,0,54,20,109,0,2,0,3,22,6,0,0,0,5,0,0,0,9,0,1,0,0,0,0,0,415,1,245,6,6,1,0,6,0,6,60,9,1,0,0,1,3,0,1,7,6,2,0,0,0,0,1,0,1,0,0,175,0,3,0,0,2,1,10,5,22,51,2,38,6,2,0,0,0,1,1,0,1
"80",47,9,41,104,1,36,58,5,33,35,8,16,114,43,2,70,7,0,96,0,111,0,0,2,5,7,0,174,89,125,1,131,13,2,28,58,0,0,81,120,22,112,2,142,5,2,3,1,4,0,31,32,161,1,155,76,56,10,82,20,39,0,86,68,126,209,366,45,55,20,0,196,0,49,53,0,88,25,0,168,64,68,0,118,30,5,22,26,70,3,25,17,53,0,1,1,65,76,195,65
"81",37,18,21,76,1,38,34,2,24,9,2,33,81,91,3,44,8,18,178,0,38,2,0,41,45,7,0,95,31,109,7,60,9,8,30,109,0,0,86,89,2,107,0,69,9,7,0,25,57,4,52,53,80,10,142,104,30,2,29,17,9,0,31,101,77,132,69,25,73,38,0,96,0,155,66,1,90,47,3,72,113,21,0,97,39,8,64,25,55,1,2,15,70,0,1,7,64,113,223,98
"82",38,45,30,50,1,35,46,4,21,14,5,26,200,107,5,59,1,2,199,0,28,3,0,2,5,18,0,59,52,21,2,38,6,9,56,105,0,1,121,139,14,89,0,23,11,1,1,3,26,28,32,115,76,3,256,133,40,2,35,19,22,0,47,199,54,49,73,25,75,12,0,56,0,109,62,0,88,36,1,64,23,104,0,38,39,2,22,12,63,1,7,19,44,0,11,1,96,24,110,106
"83",0,0,0,0,0,0,0,0,0,0,0,0,0,0,0,0,0,0,0,0,0,0,0,0,0,0,0,0,0,0,0,0,0,0,0,0,0,0,0,0,0,0,0,0,0,0,0,0,0,0,0,0,0,0,0,0,0,0,0,0,0,0,0,0,0,0,0,0,0,0,0,0,0,0,0,0,0,0,0,0,0,0,19,0,0,0,0,0,0,0,0,0,0,0,0,0,0,0,0,0
"84",78,4,39,38,0,3,175,21,16,43,10,6,17,5,0,4,8,0,13,0,25,0,0,33,0,15,0,26,9,96,2,50,0,5,3,15,0,0,8,19,2,12,0,44,0,1,0,4,5,5,14,41,31,1,26,13,342,4,204,3,2,0,11,8,210,35,78,314,34,69,10,52,0,29,65,0,14,37,0,37,52,18,0,1288,48,52,14,41,45,3,20,14,8,0,1,1,61,8,54,34
"85",58,7,38,44,0,41,53,4,23,10,3,10,66,24,1,35,1,0,131,0,36,1,0,15,9,2,0,226,31,49,0,140,7,6,15,46,0,2,62,129,2,111,0,286,6,1,0,1,11,2,27,18,140,1,93,102,76,3,69,14,12,4,22,71,48,180,108,71,55,20,0,97,0,77,81,4,69,70,2,12,23,19,0,46,153,11,53,15,59,2,11,14,36,0,1,0,85,21,110,53
"86",70,3,15,24,1,13,120,11,36,3,49,1,20,7,0,2,0,5,47,3,7,24,0,111,18,71,0,44,1,61,10,18,0,0,4,19,0,0,11,12,0,4,0,13,0,0,0,24,0,95,15,16,15,0,22,15,101,41,127,0,0,1,10,7,50,9,40,118,6,12,0,6,3,4,20,4,9,3,23,18,4,2,0,56,7,370,34,1608,171,187,366,20,33,0,0,0,34,3,9,7
"87",70,47,61,124,68,81,48,8,89,21,63,8,106,43,3,30,0,2,84,5,38,6,0,29,21,77,0,88,22,32,23,24,8,11,20,19,0,6,97,48,5,81,0,22,8,0,0,9,8,17,26,11,28,3,102,29,28,41,33,9,5,0,31,61,22,88,59,26,33,12,0,6,0,22,23,4,20,15,21,20,26,12,0,26,20,22,429,53,475,7,19,288,206,0,7,1,30,24,5,43
"88",57,4,38,31,3,2,55,15,98,5,99,3,3,8,0,2,1,2,8,2,10,107,0,74,52,76,0,46,5,110,41,26,3,0,1,29,0,1,14,10,0,15,0,16,4,0,7,46,9,48,8,11,96,0,28,10,61,60,82,3,1,0,17,11,134,12,23,121,20,102,2,13,1,11,32,22,5,5,28,33,14,4,0,53,10,1412,38,522,233,56,368,22,11,0,0,6,16,5,10,4
"89",117,99,61,182,176,135,109,12,56,87,394,42,209,194,5,95,2,222,202,51,147,89,0,52,54,403,0,402,84,103,29,66,6,14,27,73,0,0,215,188,8,170,2,57,21,3,2,70,9,53,60,21,84,0,178,85,68,115,64,56,11,1,93,60,81,52,234,121,68,127,0,32,30,142,55,39,42,8,50,40,26,35,0,38,74,288,386,168,769,33,111,309,385,0,23,1,33,17,33,56
"90",4,1,2,4,0,1,3,17,15,1,8,0,3,0,0,1,1,1,3,0,0,12,0,10,12,26,0,2,0,12,0,19,0,0,0,1,0,1,1,1,0,0,0,3,0,1,0,7,1,4,5,4,6,0,4,2,13,10,4,0,1,0,2,1,19,0,3,5,4,0,0,6,0,1,2,15,1,1,6,3,0,1,0,2,0,127,4,66,46,56,27,4,4,0,0,0,3,2,0,0
"91",37,6,2,24,1,3,9,65,14,2,41,4,19,10,1,2,0,3,13,1,6,61,0,62,35,50,0,9,3,21,16,15,0,3,2,3,0,0,6,10,1,4,0,5,3,0,2,46,6,26,2,9,39,3,14,4,38,48,40,2,1,10,7,3,42,1,11,39,17,5,0,4,0,9,13,2,5,3,29,3,3,3,0,25,0,248,24,329,105,27,566,8,14,0,0,0,5,0,6,2
"92",24,31,85,86,14,81,88,1,157,62,57,18,172,130,1,49,0,6,53,3,51,4,0,6,1,24,1,148,41,3,1,49,6,5,12,157,0,7,139,210,1,60,0,60,12,0,0,4,7,6,37,26,41,0,254,5,28,31,19,2,1,0,51,91,26,33,42,27,144,7,0,87,0,72,100,1,28,4,9,20,11,23,0,18,10,18,353,29,356,11,23,219,281,0,16,0,20,6,24,33
"93",34,81,112,157,22,155,40,1,23,32,44,63,79,212,6,127,0,31,64,5,144,5,0,4,1,44,0,145,55,61,2,48,126,14,64,78,1,9,285,222,6,345,5,49,13,2,1,5,23,15,81,29,36,0,294,65,22,1,25,32,11,0,87,119,104,62,35,7,68,69,0,72,4,68,53,10,98,26,6,69,53,50,0,11,41,76,190,12,335,8,14,352,234,0,35,0,21,23,37,53
"94",0,0,0,0,0,0,0,0,0,0,0,0,0,0,0,0,0,0,0,0,0,0,0,0,0,0,0,0,0,0,0,0,0,0,0,0,0,0,0,0,0,0,0,0,0,0,0,0,0,0,0,0,0,0,0,0,0,0,0,0,0,0,0,0,0,0,0,0,0,0,0,0,0,0,0,0,0,0,0,0,0,0,0,0,0,0,0,0,0,0,0,0,0,84,0,0,0,0,0,0
"95",1,10,49,5,26,16,4,0,3,9,7,51,25,31,1,24,0,13,65,16,19,0,0,0,1,89,0,8,12,1,0,2,15,4,181,1,0,7,174,107,1,114,1,6,10,2,1,0,21,5,4,5,8,1,47,6,3,5,3,71,7,0,46,20,3,2,4,1,5,0,0,5,3,8,1,3,10,0,2,3,57,30,0,0,2,2,44,22,135,1,3,33,118,0,61,0,1,4,62,10
"96",1,0,2,3,0,0,3,3,1,0,0,1,0,3,0,2,192,0,0,0,1,0,0,0,0,0,0,6,0,33,0,3,0,0,2,7,0,0,2,2,0,2,0,9,0,0,143,0,0,0,0,0,1,0,3,0,9,0,7,0,0,0,1,7,1,0,3,14,6,6,20,0,0,0,0,0,0,3,0,0,1,0,0,4,0,0,1,3,0,0,12,0,0,0,0,232,0,0,1,0
"97",50,6,39,110,1,13,69,59,13,9,3,5,62,33,1,4,2,0,51,0,11,0,0,21,7,4,0,59,18,84,5,55,3,2,23,15,0,0,41,51,1,48,0,148,3,0,2,1,6,1,19,28,39,0,142,23,103,0,71,7,4,0,18,43,139,198,328,70,34,24,0,293,0,160,64,0,33,50,1,34,68,47,0,89,35,55,17,24,77,1,9,16,7,0,1,2,639,136,172,54
"98",95,20,31,60,1,26,19,7,18,35,8,6,149,214,7,115,0,1,239,1,66,3,0,2,3,1,0,89,35,29,0,48,4,4,120,162,0,2,94,109,37,92,1,64,91,0,0,0,22,3,50,129,101,0,199,74,44,0,35,16,35,0,33,202,42,81,47,19,84,8,0,61,0,118,34,4,74,11,1,49,91,25,0,12,20,6,19,17,58,1,20,13,30,0,2,0,95,111,139,108
"99",38,37,35,71,0,87,49,8,18,52,5,68,97,95,10,72,1,1,84,0,155,1,0,5,1,6,0,58,119,20,0,24,12,17,84,40,0,10,292,155,24,425,3,36,31,1,3,3,26,0,60,122,99,1,636,406,60,0,90,40,55,0,70,376,59,97,56,35,62,23,0,88,1,72,52,3,157,5,0,135,215,156,0,35,143,5,8,15,79,3,13,137,50,0,55,3,145,89,285,276
"100",33,130,52,50,1,141,39,0,27,49,5,62,171,95,5,201,4,11,86,0,392,1,0,2,0,1,0,111,204,46,0,39,34,39,175,178,0,10,277,213,27,501,12,86,89,7,1,0,136,4,84,167,137,8,700,304,64,0,60,105,152,0,184,769,145,163,164,28,201,20,0,184,0,162,125,2,231,17,0,48,170,124,0,10,88,8,27,10,155,2,7,35,66,0,7,1,55,100,213,334
